<ivy-module version="2.0">
	<info organisation="net.sf.jasperreports" module="jasperreports"/>
	<configurations>
		<include file="../../../ivy.xml"/>
	</configurations>
	<dependencies>
		<dependency org="com.fasterxml.jackson.core" name="jackson-core" rev="2.9.5"/>
		<dependency org="com.fasterxml.jackson.core" name="jackson-databind" rev="2.9.5" conf="test->*"/>
		<dependency org="com.lowagie" name="itext" rev="2.1.7.js6" conf="test->*"/>
		<dependency org="commons-beanutils" name="commons-beanutils" rev="1.9.3" conf="test->*"/>
		<dependency org="commons-codec" name="commons-codec" rev="1.5" conf="test->*"/>
		<dependency org="commons-collections" name="commons-collections" rev="3.2.2" conf="test->*"/>
		<dependency org="commons-digester" name="commons-digester" rev="2.1" conf="test->*"/>
		<dependency org="commons-lang" name="commons-lang" rev="2.6" conf="test->*"/>
		<dependency org="commons-logging" name="commons-logging" rev="1.1.1" conf="test->*"/>
		<dependency org="org.apache.commons" name="commons-collections4" rev="4.1" conf="test->*"/>
		<dependency org="org.apache.poi" name="poi-ooxml" rev="3.15" conf="test->*"/>
		<dependency org="org.apache.poi" name="poi" rev="3.15" conf="test->*"/>
		<dependency org="org.eclipse.jdt.core.compiler" name="ecj" rev="4.4.2"/>
	</dependencies>
</ivy-module>
